model,seed,best_epoch,train_time_s,threshold,val_illicit_precision,val_illicit_recall,val_illicit_f1,val_macro_f1,val_micro_f1,val_roc_auc,val_pr_auc,val_threshold,test_illicit_precision,test_illicit_recall,test_illicit_f1,test_macro_f1,test_micro_f1,test_roc_auc,test_pr_auc,test_threshold,use_edge_attr,use_gate,use_time_feat,use_jk,loss
A_full,42,172,19.99,0.8500000000000003,0.909710391822828,0.9035532994923858,0.9066213921901528,0.9439057713344745,0.968687731283803,0.9851308875662891,0.9486641816044409,0.8500000000000003,0.6419981498612396,0.6408125577100646,0.6414048059149723,0.8082569320824541,0.9534493101379724,0.8985263425655812,0.6576012656106192,0.8500000000000003,True,True,True,True,weighted_bce
A_full,123,185,14.32,0.7500000000000002,0.8597972972972973,0.8612521150592216,0.8605240912933221,0.9161425864647339,0.9530315969257045,0.9819323852772189,0.9144207065056958,0.7500000000000002,0.4468864468864469,0.6759002770083102,0.538037486218302,0.7484922726169729,0.9245950809838033,0.8959376794391661,0.62115379033506,0.7500000000000002,True,True,True,True,weighted_bce
A_full,2026,81,7.36,0.7000000000000003,0.864,0.9137055837563451,0.8881578947368421,0.9323749886765106,0.9612866495872474,0.982752929813041,0.9387388755131418,0.7000000000000003,0.6005639097744361,0.590027700831025,0.5952491849091756,0.7836951852157842,0.9478704259148171,0.8917581186253835,0.6142443486934994,0.7000000000000003,True,True,True,True,weighted_bce
A_full,7,202,24.1,0.7750000000000002,0.8905982905982905,0.8815566835871405,0.8860544217687075,0.9315742194313623,0.9618559635639055,0.9829651595747761,0.9212165396111311,0.7750000000000002,0.47151681537405626,0.6343490304709142,0.5409448818897638,0.7515438695163105,0.9300539892021595,0.888273611061992,0.5637032258430364,0.7750000000000002,True,True,True,True,weighted_bce
A_full,314,195,12.98,0.9250000000000004,0.8793969849246231,0.8883248730964467,0.8838383838383839,0.930100075783529,0.9607173356105893,0.9828869849012856,0.9331236991214475,0.9250000000000004,0.5772151898734177,0.631578947368421,0.6031746031746031,0.7871048093112974,0.946010797840432,0.8835718272933959,0.6276515657498092,0.9250000000000004,True,True,True,True,weighted_bce
B_no_edge,42,174,14.18,0.7750000000000002,0.9023569023569024,0.9069373942470389,0.9046413502109705,0.9426476739070604,0.9678337603188158,0.9860883825486333,0.9504077129713688,0.7750000000000002,0.6350230414746544,0.6361957525392429,0.6356088560885609,0.8051327996598329,0.9526094781043791,0.8985798651609725,0.6620752348251703,0.7750000000000002,False,True,True,True,weighted_bce
B_no_edge,123,106,16.32,0.6750000000000003,0.8414023372287145,0.8527918781725888,0.8470588235294118,0.9079365399346853,0.9481924281241104,0.9749082460961884,0.8982301012259688,0.6750000000000003,0.42613981762917935,0.6472760849492152,0.5139296187683284,0.7353066361187781,0.9204559088182364,0.8892829577599205,0.580952405212101,0.6750000000000003,False,True,True,True,weighted_bce
B_no_edge,2026,129,9.79,0.9000000000000004,0.9022687609075044,0.8747884940778342,0.8883161512027491,0.9330697098558952,0.9629945915172218,0.9828658487858605,0.9382578436305379,0.9000000000000004,0.5950248756218905,0.5521698984302862,0.5727969348659003,0.7721273807824958,0.946490701859628,0.8835497310807993,0.5862351158728814,0.9000000000000004,False,True,True,True,weighted_bce
B_no_edge,7,132,12.64,0.6750000000000003,0.8362204724409449,0.8984771573604061,0.866231647634584,0.9189778927828093,0.9533162539140336,0.9815082152895763,0.9189189704882251,0.6750000000000003,0.3867713004484305,0.6371191135734072,0.48133937914196023,0.7162710415875193,0.9107978404319136,0.8879887891044465,0.5379486686338679,0.6750000000000003,False,True,True,True,weighted_bce
B_no_edge,314,187,20.61,0.5500000000000003,0.866231647634584,0.8984771573604061,0.8820598006644518,0.9288347783810064,0.9595787076572729,0.9830106166997317,0.9362480465622557,0.5500000000000003,0.5685449957947856,0.6241920590951062,0.5950704225352113,0.782728979775395,0.9448110377924415,0.8829673803624857,0.6356808923684808,0.5500000000000003,False,True,True,True,weighted_bce
C_no_gate,42,169,9.8,0.7750000000000002,0.8679549114331723,0.9120135363790186,0.8894389438943895,0.9331955641384573,0.9618559635639055,0.9815339839782455,0.921390754004071,0.7750000000000002,0.5625524769101595,0.61865189289012,0.5892700087950747,0.7796024929702535,0.9439712057588482,0.8880214891295224,0.5689249667524992,0.7750000000000002,True,False,True,True,weighted_bce
C_no_gate,123,139,8.37,0.8500000000000003,0.8424543946932007,0.8595600676818951,0.8509212730318257,0.9102000055145412,0.9493310560774267,0.969761167686412,0.8925383069027898,0.8500000000000003,0.44191919191919193,0.6463527239150508,0.5249343832020997,0.7418138482697814,0.923995200959808,0.8984010517086326,0.5742857139336858,0.8500000000000003,True,False,True,True,weighted_bce
C_no_gate,2026,196,16.8,0.7000000000000003,0.8675282714054927,0.9086294416243654,0.8876033057851239,0.9321097684358908,0.9612866495872474,0.9827923066856139,0.9248593103923128,0.7000000000000003,0.6383799421407907,0.6112650046168052,0.6245283018867924,0.7995159126346199,0.952249550089982,0.8936716328644968,0.6300170754357336,0.7000000000000003,True,False,True,True,weighted_bce
C_no_gate,7,157,13.5,0.8250000000000003,0.8741830065359477,0.9052453468697124,0.8894430590191189,0.9333012993876292,0.9621406205522346,0.9830473877498549,0.9236866704499929,0.8250000000000003,0.4811594202898551,0.6131117266851339,0.5391798619569631,0.7512105547437438,0.9319136172765446,0.8937165065402123,0.5392694894425931,0.8250000000000003,True,False,True,True,weighted_bce
C_no_gate,314,149,9.69,0.5000000000000002,0.8599348534201955,0.8934010152284264,0.8763485477178423,0.9253757856266587,0.9575861087389695,0.983816105372511,0.9233972080980827,0.5000000000000002,0.46292585170340683,0.6398891966759003,0.5372093023255814,0.7491963286660417,0.928374325134973,0.8886403311801669,0.560304855172848,0.5000000000000002,True,False,True,True,weighted_bce
D_no_time,42,142,21.06,0.8000000000000003,0.8676470588235294,0.8984771573604061,0.8827930174563591,0.9292893474710955,0.9598633646456021,0.983491246173784,0.9178418203457088,0.8000000000000003,0.5438748913987836,0.5780240073868883,0.5604297224709042,0.7644301251716702,0.9410917816436712,0.8872109194861998,0.5891254624412628,0.8000000000000003,True,True,False,True,weighted_bce
D_no_time,123,141,14.97,0.3750000000000001,0.8508914100486223,0.8883248730964467,0.8692052980132451,0.921024099676956,0.955024195844008,0.9828172067667996,0.914212501550424,0.3750000000000001,0.5356200527704486,0.5623268698060941,0.5486486486486486,0.7582253526019593,0.9398920215956809,0.8782966379220414,0.5678358172500197,0.3750000000000001,True,True,False,True,weighted_bce
D_no_time,2026,178,14.21,0.47500000000000014,0.8778761061946903,0.8392554991539763,0.8581314878892734,0.9150964083398667,0.9533162539140336,0.9794380341212181,0.910643215467371,0.47500000000000014,0.477184841453983,0.569713758079409,0.5193602693602694,0.7412393647537685,0.9314937012597481,0.8776092857645121,0.5306998983656425,0.47500000000000014,True,True,False,True,weighted_bce
D_no_time,7,176,22.35,0.5500000000000003,0.9058219178082192,0.8950930626057529,0.9004255319148936,0.9402144750670007,0.9666951323654995,0.9854183966432375,0.9439031398096663,0.5500000000000003,0.4549248747913189,0.5032317636195752,0.4778605874616396,0.7197571072148341,0.9285542891421715,0.8720466086726983,0.4245353596610111,0.5500000000000003,True,True,False,True,weighted_bce
D_no_time,314,104,8.71,0.47500000000000014,0.8453125,0.9153976311336718,0.8789601949634444,0.9266241872142502,0.9575861087389695,0.9819856598695236,0.9172675406209516,0.47500000000000014,0.5090311986863711,0.5724838411819021,0.5388961321164711,0.7523566649177349,0.9363527294541092,0.8798878318052885,0.5306318429926857,0.47500000000000014,True,True,False,True,weighted_bce
E_no_jk,42,188,12.41,0.8250000000000003,0.8986486486486487,0.9001692047377327,0.8994082840236687,0.9395210169048687,0.9661258183888415,0.9809369611014407,0.946128228647613,0.8250000000000003,0.5620031796502385,0.6528162511542013,0.6040153780435711,0.7870555937929071,0.9443911217756449,0.9001717995339179,0.6904748624507544,0.8250000000000003,True,True,True,False,weighted_bce
E_no_jk,123,135,18.3,0.9000000000000004,0.8426073131955485,0.8967851099830795,0.8688524590163934,0.9206473800421271,0.9544548818673498,0.9756645136782515,0.9313028181440852,0.9000000000000004,0.45151133501259444,0.6620498614958449,0.5368775739423437,0.7482718431516798,0.9257948410317937,0.8997349402315221,0.6845987826887832,0.9000000000000004,True,True,True,False,weighted_bce
E_no_jk,2026,223,14.32,0.9000000000000004,0.9151103565365025,0.9120135363790186,0.9135593220338983,0.9480557472297442,0.9709649871904356,0.985592118139883,0.9544478949147304,0.9000000000000004,0.6624015748031497,0.6214219759926131,0.6412577417818008,0.8085774000673032,0.9548290341931613,0.898072392760949,0.694456063786221,0.9000000000000004,True,True,True,False,weighted_bce
E_no_jk,7,162,10.39,0.7500000000000002,0.8812709030100334,0.8917089678510999,0.8864592094196804,0.9316654450387762,0.9615713065755764,0.9830812634417009,0.9471394941714784,0.7500000000000002,0.5040257648953301,0.5780240073868883,0.5384946236559139,0.7519492302545248,0.935632873425315,0.8692756369825673,0.608819176790368,0.7500000000000002,True,True,True,False,weighted_bce
E_no_jk,314,158,20.13,0.9500000000000004,0.8894557823129252,0.8849407783417935,0.8871925360474979,0.9322229141670704,0.9621406205522346,0.9823765332369758,0.9419620515883008,0.9500000000000004,0.5725871857258719,0.6518928901200369,0.6096718480138169,0.7902665583545103,0.9457708458308338,0.9009583773110166,0.6820063710034456,0.9500000000000004,True,True,True,False,weighted_bce
F_cb_focal,42,164,11.75,0.6500000000000002,0.8962585034013606,0.8917089678510999,0.8939779474130619,0.9362997313600285,0.9644178764588671,0.9853292196082927,0.9322154731083446,0.6500000000000002,0.5356104651162791,0.6805170821791321,0.5994306628710858,0.7837670136997184,0.9409118176364727,0.9114231554446045,0.6526251545409433,0.6500000000000002,True,True,True,True,cb_focal
F_cb_focal,123,209,13.59,0.5750000000000002,0.8664495114006515,0.9001692047377327,0.8829875518672199,0.9293824548547576,0.9598633646456021,0.9859627239993931,0.9460844296599159,0.5750000000000002,0.41729106628242074,0.6685133887349953,0.5138396025550035,0.7344769731535257,0.9178164367126574,0.8928421363044861,0.6117579549051645,0.5750000000000002,True,True,True,True,cb_focal
F_cb_focal,2026,102,8.16,0.7250000000000003,0.9184782608695652,0.8578680203045685,0.8871391076115486,0.9326057598231123,0.9632792485055508,0.9832324011437824,0.927399441355721,0.7250000000000003,0.6402010050251257,0.5881809787626963,0.6130895091434071,0.7936856924515576,0.9517696460707858,0.9072386777792252,0.5744967220336306,0.7250000000000003,True,True,True,True,cb_focal
F_cb_focal,7,86,7.29,0.7000000000000003,0.8943661971830986,0.8595600676818951,0.8766177739430544,0.9261220794037754,0.9592940506689439,0.9828577417826837,0.9127585154398389,0.7000000000000003,0.4531700288184438,0.5807940904893814,0.509105625252934,0.7349052697841333,0.9272345530893821,0.8896228425314299,0.5113628177040181,0.7000000000000003,True,True,True,True,cb_focal
F_cb_focal,314,156,10.75,0.7500000000000002,0.8729096989966555,0.883248730964467,0.8780487804878049,0.9266036261527597,0.9587247366922858,0.9843442187223131,0.9264223853593547,0.7500000000000002,0.5007052186177715,0.6555863342566943,0.5677728908436626,0.7663599367801762,0.9351529694061188,0.8915579790697329,0.5935217720391299,0.7500000000000002,True,True,True,True,cb_focal
G_old_timeembed,42,28,4.4,0.7750000000000002,0.6627906976744186,0.5786802030456852,0.6178861788617886,0.7732107022033221,0.8795900939368061,0.8794129603185358,0.5890704752165947,0.7750000000000002,0.3524046434494196,0.39242843951985223,0.37134119702927043,0.662499042043024,0.9136772645470905,0.869388813428052,0.3885832834397003,0.7750000000000002,True,True,OLD_EMBED,True,weighted_bce
G_old_timeembed,123,93,7.7,0.9500000000000004,0.7535545023696683,0.5380710659898477,0.6278381046396841,0.7825703079326809,0.8926843153999431,0.8146411898301119,0.6044009456625221,0.9500000000000004,0.2121654501216545,0.4025854108956602,0.2778840025493945,0.6014279293589301,0.8640671865626874,0.7852556771716089,0.2667961441775912,0.9500000000000004,True,True,OLD_EMBED,True,weighted_bce
G_old_timeembed,2026,178,12.02,0.07500000000000001,0.5314401622718052,0.4433164128595601,0.4833948339483395,0.6945752358903596,0.8405920865357245,0.7957814050826276,0.4745485877459717,0.07500000000000001,0.27136150234741785,0.5337026777469991,0.35978835978835977,0.6457553675331749,0.8766046790641872,0.8458835970335628,0.3325966208545731,0.07500000000000001,True,True,OLD_EMBED,True,weighted_bce
G_old_timeembed,7,29,4.54,0.7250000000000003,0.668041237113402,0.5482233502538071,0.6022304832713755,0.7651488550810659,0.8781668089951609,0.8549179397557013,0.5618085415109897,0.7250000000000003,0.3285060975609756,0.3979686057248384,0.35991649269311066,0.6551884935593522,0.9080383923215357,0.8596167782169967,0.330993356177699,0.7250000000000003,True,True,OLD_EMBED,True,weighted_bce
G_old_timeembed,314,87,7.35,0.32500000000000007,0.748314606741573,0.5634517766497462,0.6428571428571429,0.7905437634152159,0.8946769143182465,0.8370938246640517,0.6580887025723026,0.32500000000000007,0.2009733753220727,0.6481994459833795,0.3068181818181818,0.5982707235053918,0.8097180563887223,0.8437824130853178,0.3889855397501858,0.32500000000000007,True,True,OLD_EMBED,True,weighted_bce
